Risk_Number,Risk_Name,SMAOS_Layer,Phase1_Mitigation,Phase1_Gap,Phase2_Fix,Confidence_Percent,Evidence_File,Completion_Date
1,Agent Goal Hijacking,"L1, L3, L7, L8","L1 policy binding, L3 permit gates, L7 RAGAS alignment checks, L8 proof signing","No active prevention; goal hijacking detected post-hoc only","H layer (intent verification), multi-signature approval, adversarial prompt testing, multi-model consensus","65%",crates/l1-reasoning/src/policy.rs; crates/l3-permit-gates/src/enforcement.rs; crates/l7-ragas/src/evaluator.rs; crates/l8-proof/src/agentacct.rs,"Jun 30, 2027"
2,Insecure Tool Execution,"L5, L6, L3, L8","L5 MCP isolation (JSON-RPC over stdio), L6 local inference only, L3 tool registry, L8 audit logging","No container sandboxing; no central input validation; no egress firewall; no per-tool resource limits","G layer (egress controls), tool sandboxing (Docker containers), parameter schema enforcement (OpenAPI), capability tokens, automatic rollback","70%",crates/l5-communication/src/mcp.rs; crates/l6-infrastructure/src/hardware.rs; crates/l3-permit-gates/src/enforcement.rs,"Jun 30, 2027"
3,Excessive Agency,"L3, L4, L1, L5","L3 decision bounds (<100k approve, 100k-1M escalate), L4 11-checkpoint workflow, L1 deny-by-default, L5 feedback messaging","No multi-agent coordination; no progressive escalation; no decision timeout; no per-agent rate limiting","H layer (multi-sig approval), A2A delegation protocol, decision ratification, per-agent quotas (10 decisions/day), circuit breaker (approval rate monitoring)","60%",crates/l3-permit-gates/src/enforcement.rs; crates/l4-orchestration/src/orchestration.rs; crates/l1-reasoning/src/policy.rs; crates/l5-communication/src/a2a.rs,"Jul 31, 2027"
4,Memory Poisoning,"L2, L8, L7, L1","L2 knowledge approval tiers (only APPROVED used), L1 policy checks knowledge tier access, L8 audit trail (append-only), L7 credibility evaluation","No real-time poison detection; no cryptographic knowledge verification; no continuous validation against regulations; no cross-source deduplication","Real-time anomaly detection (>3σ outliers), knowledge source signing (Ed25519 verification), continuous audit (3x daily vs EU regulations), knowledge provenance graph","55%",crates/l2-knowledge/src/schema.rs; crates/l8-proof/src/agentacct.rs; crates/l7-ragas/src/evaluator.rs; crates/l1-reasoning/src/policy.rs,"Aug 31, 2027"
5,System Prompt Leakage,"L1, L8, L5","L1 policy referenced by ID (not full text), L8 proofs include policy_id only (not text), L5 MCP messages don't include prompts","Implicit exposure: L2 knowledge (containing policies) accessible to researchers; no prompt versioning; descriptive rule names leak structure; indefinite log retention","Prompt templating (config-based, not embedded), log filtering (sensitive fields redacted per role), prompt versioning + expiry, KMS encryption of system prompts at rest","75%",crates/l1-reasoning/src/policy.rs; crates/l8-proof/src/agentacct.rs; crates/l5-communication/src/mcp.rs,"Jul 15, 2027"
6,Tool/Data Access Disclosure,"L3, L5, L6, L8","L3 permit gates (tool access control), L5 data minimization (scalar responses via MCP), L6 offline-only (no cloud logging), L8 sensitive fields hashed in proofs","No field-level ACL; logs readable by researchers; no encryption at rest; no inter-agent data filtering","Field-level ACL (tool returns filtered fields), encryption at rest (AP2 ledger KMS-encrypted), differential privacy, automatic PII masking, inter-agent proxy (data_proxy_mcp)","60%",crates/l3-permit-gates/src/enforcement.rs; crates/l5-communication/src/a2a.rs; crates/l6-infrastructure/src/hardware.rs; crates/l8-proof/src/agentacct.rs,"Jul 31, 2027"
7,Unsafe Tool Recommendations,"L3, L4, L2, L7","L3 tool registry (pre-approved safe set), L4 workflow enforces safe action sequence, L2 guidelines stored as facts, L7 post-hoc safety checks in 50Q","No adversarial testing; no tool side-effect analysis; recommendations logged after (not as intent); no multi-agent consensus","Tool safety ML gate (score <0.8 requires approval), side-effect prediction (1000-scenario simulation), recommendation ratification via safety_mcp, cross-agent veto (30s window), tool capability-based approval levels","65%",crates/l3-permit-gates/src/enforcement.rs; crates/l4-orchestration/src/orchestration.rs; crates/l2-knowledge/src/schema.rs; crates/l7-ragas/src/evaluator.rs,"Aug 15, 2027"
8,Agent Interaction & Multi-Agent Issues,"L5, L4, L3, L8","L5 A2A protocol (JSON-RPC, explicit routing), L4 independent checkpoints per pilot, L3 decision isolation, L8 immutable per-agent ledger","No consensus voting; no agent health monitoring; no coordination timeout; no conflict resolution; no Byzantine fault tolerance","Consensus voting (2 of 3 pilots required for >100k), watchdog + auto-restart (>2min gap triggers restart), coordination timeout (30s), distributed transaction log (Tendermint BFT), pilot Docker container isolation","55%",crates/l5-communication/src/a2a.rs; crates/l4-orchestration/src/orchestration.rs; crates/l3-permit-gates/src/enforcement.rs; crates/l8-proof/src/agentacct.rs,"Aug 31, 2027"
9,Agent Supply Chain,"L8, L6, L2","L8 proof signing (Ed25519-PQC on all artifacts), L6 CanIRun.ai validation (hardware environment snapshot), offline + vendored dependencies (Cargo.lock frozen)","No third-party attestation (validates our code, not Ollama/pgvector vendor); no SBOM; no supply chain audit trail; no vendor response policy","EU Database registration (SBOM + vendor attestations), SBOM auto-generation (CycloneDX per commit), vendor attestation collection, supply chain incident response plan, third-party code review by CISO","50%",crates/l8-proof/src/agentacct.rs; crates/l6-infrastructure/src/hardware.rs,"Aug 31, 2027"
10,Inadequate Monitoring,"L8, L4, L7, L1","L8 AP2 ledger (100% decision capture, immutable, git-backed), L4 checkpoints (9666 captured), L7 daily RAGAS re-eval (87%+ baseline), L1 policy audit (weekly manual)","No real-time alerting; no live dashboard; no anomaly detection; no log rotation/archival; no external SIEM integration","Real-time compliance dashboard (throughput, violation %, latency p50/p95/p99), automated alerting (>5% violation → email + SMS), ML-based anomaly detection (score >0.95 → escalate), log archival (daily rollover), external SIEM integration (syslog export)","70%",crates/l8-proof/src/agentacct.rs; crates/l4-orchestration/src/orchestration.rs; crates/l7-ragas/src/evaluator.rs; crates/l1-reasoning/src/policy.rs,"Jul 15, 2027"
